0,1,2,3,4,5,6,7,8,9,10,11,12,13,14,15,16,17,18,19,20,21,22,23,24,25,26,27,28,29,30,31,32,33,34,35,36,37,38,39,40,41
109.52821711787138,109.53639694215083,109.54537433438557,109.54819037663037,109.54158238323424,109.52526191710874,109.49844514348213,109.46951990850994,109.45299057511951,109.45464250690056,109.46900255622513,109.4809556110636,109.48373188952786,109.49629191799839,109.51518944439626,109.54192517388226,109.57966338136355,109.62852661418344,109.68706024975651,109.75267052841521,109.82551564806153,109.90469023669326,109.9886722668952,110.07250655254475,110.1529053915371,110.23995877477847,110.33631672035679,110.43854985437581,110.54467469958337,110.65542463125017,110.76345278272377,110.86681165976415,110.96425995746516,111.06150963527426,111.15051103280429,111.23789712753612,111.32639042381932,111.40280342564054,111.46816290707181,111.51841491947228,111.55423507918583,111.5708549644847
88.02642406910564,88.03966471099986,88.05096886663144,88.05595348246447,88.05007117191371,88.03441099944706,88.00773406797643,87.9777052050727,87.95655321534882,87.94827261586695,87.94978328395679,87.93692331665348,87.90714489836706,87.8850911005896,87.87203895621435,87.86751140539045,87.86520279741221,87.86910049029278,87.87512647880956,87.88461711460295,87.89504793967755,87.90799345681279,87.92044557993013,87.92972647850975,87.9334286071176,87.94752247483424,87.97341814406705,88.01087620660294,88.05733234142109,88.11210942147798,88.16976995395984,88.22530759505428,88.28206917144297,88.34318857705861,88.40074193973277,88.46451998848784,88.5353644657003,88.59578302092534,88.65104631066839,88.69455983524304,88.72712487796352,88.74463438584266
4.941514978244327,4.941062797098981,4.942601150940266,4.947751910664397,4.954964636482039,4.964940970318664,4.9755862393031345,4.986281861328566,4.99458127434811,5.002981278968324,5.014180515103778,5.026777625243426,5.041767967203004,5.051330695353393,5.059257928883894,5.064025223854803,5.071015687573771,5.078746316719796,5.084908502638223,5.094238581186929,5.102524778998909,5.112889072616095,5.126471295573611,5.142625572143953,5.159159259276522,5.174686972813859,5.191690326764537,5.208717057073035,5.227927221804502,5.2486641403208845,5.270711823089285,5.2945467847942655,5.3156022042804,5.332129044398648,5.350804936484317,5.361837079764957,5.3732003147644924,5.38390059441538,5.396072512009939,5.410971211679406,5.428567318656344,5.44939342703424
5.255821920676015,5.255064040626053,5.253948774057921,5.256296113877328,5.261040639973912,5.267119826723087,5.27523718320968,5.279810174828639,5.282799924432582,5.2871326658439015,5.293722178208071,5.297771712952604,5.301461822324129,5.3009701247707195,5.3002675764248375,5.298546488827121,5.299460647190492,5.3016678793637375,5.304368745848501,5.307967491331683,5.311239678945232,5.316218870445087,5.321436863504502,5.32963174021003,5.336729444914601,5.342149386591179,5.349027322290126,5.353859881836365,5.360423915673555,5.369570115352727,5.378992114855241,5.388445024515948,5.4008909711034905,5.411332070047452,5.423412774466446,5.432602869728471,5.439520356185816,5.449814782872328,5.460368953089944,5.473306061916116,5.488215090213511,5.504475340637271
25.509177991273013,25.509422117428326,25.509644573829316,25.50968099936732,25.50945389153593,25.508994530475558,25.508230741616266,25.507363791712297,25.506762899736653,25.50661391132968,25.506806913125956,25.50690305465249,25.50676942344208,25.507008236563482,25.507357613117623,25.507991749407747,25.508957956958135,25.510279084195364,25.511814707475633,25.513509829994472,25.515458302357967,25.517586491110382,25.519826313234102,25.522058876547792,25.524171211066104,25.52647990039693,25.529073551619636,25.531760254894632,25.534525597464942,25.53744189050062,25.5402850338909,25.54295260994698,25.545501161965653,25.548133152028356,25.550555098689564,25.55297863166699,25.555371931135195,25.557436589432207,25.559243738902868,25.560648358931406,25.561681455898487,25.56225352368324
25.838950980306947,25.839196192606728,25.83941204057971,25.83944333654954,25.839214757697846,25.83876287935425,25.838000977966207,25.83712287970968,25.836489018321128,25.836294446378528,25.836443921548586,25.83649469159933,25.836320607474203,25.836523752084165,25.8368251704137,25.83743709252401,25.83839072849679,25.839711476267436,25.841229689041306,25.84290183594649,25.844848308647,25.846976716496403,25.849213694119275,25.851447073604454,25.853554016763574,25.855854602253668,25.858443588244665,25.861110235722144,25.86385170648064,25.866756788423398,25.869591478960206,25.872238702872647,25.87477878960212,25.877410949176717,25.879841647564877,25.882277421069887,25.884679637172926,25.886736569279638,25.888546385744874,25.88995039902999,25.89098117330293,25.891554806835675
14.125008180456058,14.124743476988417,14.125544270347902,14.130613982443348,14.137346953182522,14.14514717680164,14.153068726954256,14.159763534768013,14.165558739816527,14.169629962559524,14.174879505196008,14.181658530433499,14.189643505020419,14.196808380095124,14.204475975017484,14.20904953908409,14.216096589822723,14.222592051186178,14.22847947886241,14.23567494210257,14.24086357855479,14.247869786308195,14.255305743524392,14.264229912900417,14.273433570266068,14.28100196329963,14.290591334903597,14.29848261318191,14.305588587884746,14.312456187268781,14.318942525040667,14.325373319954146,14.32852418381015,14.3285208932767,14.327996806206619,14.323181726824973,14.320283964381643,14.315385227283073,14.310368533327978,14.307624558238196,14.307654529175169,14.308708729420937
11.356617813427313,11.353612717710886,11.3519905822918,11.355875582643765,11.361633572982255,11.368496763156143,11.375908928066728,11.3833441224408,11.38963513610051,11.394770420201805,11.400505797949954,11.407733233588853,11.416921152484166,11.424365828248268,11.433988167871217,11.441055700736229,11.45056908600269,11.45937725840544,11.468406521535433,11.480023997076735,11.490146222561272,11.500833117857201,11.511412936071554,11.52311714852244,11.534126606310886,11.542028899516836,11.551045885428497,11.561157123256132,11.570431162768216,11.580206145196588,11.588028806446687,11.595830073685043,11.599773130317057,11.601213689581966,11.602744459207614,11.600274533720855,11.600500941548397,11.59880861281983,11.595400304764416,11.594250144026978,11.598320182238286,11.602319829346195
24.886107287377513,24.886539407193553,24.88692411232631,24.887083041057732,24.88688114866287,24.88640866706687,24.8855795943847,24.884545077153213,24.883683103010412,24.883198806175145,24.88306339247101,24.882386997339143,24.88125132739453,24.880484819836653,24.88006835897759,24.879970944030337,24.879905269461442,24.880087523224237,24.880300088579627,24.880590836822908,24.88094672945884,24.881410875410868,24.881830856004132,24.882132607146755,24.88223251773107,24.88262800247224,24.883426193071163,24.88463350946852,24.886117588417278,24.887916945418972,24.889853736891848,24.891618821177264,24.89343736297699,24.895473424651385,24.89745045739976,24.899666935390453,24.90213393827988,24.904232511895614,24.906126367536057,24.90761936278633,24.908759644825412,24.909478143482463
25.218117155794644,25.218547925503323,25.218938081610304,25.219102868973003,25.21891237021453,25.21847057268519,25.217680116001915,25.216658686065344,25.215779848610104,25.21526435000086,25.215110615934954,25.214400683874043,25.21324092106516,25.212449265907406,25.212009346943805,25.211904682358927,25.21183292946653,25.21201713492554,25.21222120131882,25.212497152932183,25.21285370613621,25.213318983093647,25.213722023396457,25.214007114543122,25.214082170420518,25.214423669230374,25.215161981309876,25.216307196137308,25.217727289361846,25.219473879576338,25.221373433932236,25.223076254966134,25.224839045486846,25.22682839174403,25.228780287004167,25.230976312393086,25.233427946890785,25.235507502647085,25.23738343901559,25.23885970085165,25.239984767307604,25.24070631071006
14.786072497514867,14.784823308249605,14.782970382790506,14.78526067402195,14.790325637278407,14.794980597685818,14.800897373192182,14.80542730541401,14.80949233229202,14.813003209855516,14.817250859519934,14.821659886451464,14.826374391863938,14.830955685548092,14.835204109047934,14.837189584672958,14.840926520502231,14.844751346300479,14.849388536028675,14.853127726046836,14.856894807104252,14.862601505496757,14.866546496257541,14.872045311738265,14.876957587581071,14.879306887734066,14.881792677603954,14.881425732219487,14.881534553584363,14.882968449814175,14.883902007826673,14.884231059144494,14.885703623585526,14.884766289053834,14.885055202521173,14.88384964253681,14.880009294033833,14.87894233959849,14.877088575085155,14.877387157003845,14.877440567316254,14.87836106888399
12.103809521742876,12.102482186768702,12.099649176208196,12.1050246779035,12.112765002642549,12.12167513103737,12.129744863303294,12.136552120632153,12.1425831095421,12.149070155893112,12.155245979864185,12.160564140907175,12.165260101942675,12.168431470088642,12.170547548326223,12.171239479935556,12.172396682442008,12.175519444600393,12.180998497394611,12.186787540826932,12.193848476791008,12.202254241235053,12.209514166492147,12.218182077194989,12.228771589599784,12.23649523538127,12.244865086587573,12.250871600010788,12.255547428642402,12.259811130751936,12.261952682071772,12.262566010542633,12.263198930647414,12.26210278882414,12.262969435216228,12.26166235316569,12.258179466205046,12.257025315505658,12.258005860209996,12.261797682893071,12.265443920247954,12.268590972860597
10.107363824039764,10.102719460910402,10.096478997114332,10.095193148143457,10.096221110456721,10.098969470927948,10.10179376292961,10.10317748387444,10.111014970119628,10.124271808510446,10.141879014379013,10.133721583160265,10.125745031926197,10.111909689039203,10.087506410768373,10.068834019952222,10.03778945396424,10.010965742111932,9.986091559225791,9.967164344714051,9.939029343044298,9.9194371621348,9.895945362229694,9.866739809716853,9.837492677195337,9.809218234111801,9.785734179801683,9.765003642305066,9.745200158155649,9.72813893936887,9.711964998377365,9.695528453784467,9.668858442675784,9.643951540532909,9.619515337030967,9.59373077611388,9.57377697402998,9.552157987340738,9.533358537645258,9.51868942486897,9.507757712875843,9.502610128891295
10.118920699537991,10.11550918217582,10.112005244567555,10.111726706321916,10.118618761973819,10.127033626447833,10.132032975252903,10.1374343859092,10.142503878399856,10.152463567184622,10.16523422653983,10.158346662330612,10.145492179484481,10.12433009749815,10.103445164417094,10.082564372673199,10.061818398078575,10.043366565873788,10.027242357224017,10.01710786713862,10.011388542863594,10.013373761451792,10.016872045725037,10.020801020950602,10.024808240884463,10.03287886488453,10.042969805590067,10.057180904944719,10.067752693779832,10.081864678143432,10.098701160867364,10.11942713869533,10.138172160327446,10.154923873256047,10.173845535593504,10.186256356328231,10.197389855177736,10.205894210212152,10.214446224821463,10.22709606529277,10.23451960083112,10.243672949793773
9.268711385588396,9.261833636565752,9.246645949222593,9.236108521357092,9.228298854894998,9.223474693300401,9.218097887409225,9.213203885781581,9.214900937088135,9.220235431010424,9.228621964284107,9.211533883793763,9.193379161991071,9.17276486384929,9.14307745022552,9.11858281016488,9.085502294987696,9.056321903645298,9.028730328791141,9.006388193782247,8.977567349254429,8.956185629180961,8.924511527787034,8.886364662846727,8.847646518601868,8.813190405385981,8.78303917905164,8.75308964990997,8.72248946848077,8.694796877710958,8.667721715087957,8.6411269581357,8.603568229681112,8.567167133997986,8.533124185420139,8.500487407100449,8.473668660279554,8.447867926353933,8.425910700410167,8.409450618176331,8.39744150688928,8.391102566602067
8.516350050338431,8.51189919752945,8.509370452460027,8.50788650824177,8.511018556419486,8.517086334999396,8.522037396675438,8.530487725895032,8.54042419930929,8.55460248047324,8.570392255126777,8.564041923512644,8.54449749477174,8.5078903599427,8.475847327179249,8.445314805329465,8.41720753766579,8.39157504851603,8.368428962575734,8.350376940171232,8.336036387920345,8.328215977308295,8.316525642929511,8.305381998691953,8.290644809943972,8.278953093804008,8.269883601933651,8.264504100786874,8.255878167153387,8.25127833462735,8.250164229420635,8.251016313014208,8.251281720956213,8.252506824648798,8.257533335607649,8.267760777625007,8.275465812224148,8.279623748614735,8.281146790790576,8.285236315856102,8.289386341963608,8.293780959394018
260.9609544793904,261.00076534635724,261.14076764045024,261.4133040558715,261.80348209365457,262.2987459880128,262.787373464276,262.67377909577243,262.2466759001215,261.8985463257769,261.63797555242655,261.45380981843476,261.38960901472757,261.4497966369501,261.63250147820554,261.87284443729794,262.16475526024516,262.45948015034384,262.8632990580083,263.3820534645044,263.9408502177519,264.62107215407326,265.4310019371797,266.328740372967,267.28004570912896,268.3135492426768,269.3842165305374,270.52715719050633,271.54379024655617,272.4910029651465,273.33323827422845,274.34357364081353,275.4462004645838,276.2962363163563,277.08453050179776,277.414605733767,277.5055707150656,277.34104373590094,277.2978447064323,277.40165844036943,277.4690053665861,277.59734495722887
170.9520494324253,170.9520995361592,171.08076363216128,171.32538877749747,171.67249640145695,172.14703843492975,172.62837421803383,172.7833862045821,172.5330790069166,172.35117351293468,172.2422386618203,172.2045304153628,172.2753512278167,172.46663823203792,172.7709349991379,173.13538145587526,173.5670465838499,173.99846094407252,174.527826509837,175.14854173170556,175.8536119642206,176.66286393839493,177.56862899432696,178.5542598906435,179.6151659466646,180.73968947534127,181.91653473484806,183.15030852174652,184.2518694053123,185.31761455312704,186.28883125237635,187.41178115358696,188.6309394587225,189.4091248911255,190.13090094823215,190.4037047147422,190.4347546176186,190.1692629996496,190.0178094919086,190.00832335437678,189.9715528216352,189.99568767574775
72.00175644909778,71.99910969639824,72.00237802876195,72.01137788017316,72.0265774498405,72.0478608715583,72.07507561225681,72.10851186512379,72.13620335537408,72.169917493203,72.19852958671869,72.21932589974952,72.23153023546335,72.24398051438796,72.26278696322268,72.28218270448289,72.308152895386,72.3295051153697,72.35187332731188,72.35697757264103,72.36301432025685,72.37514837577874,72.3826784509614,72.39117364626496,72.4065733120175,72.42259452699598,72.43900416779647,72.45605315605418,72.4738738225524,72.49290001288492,72.51017590197083,72.52505059274222,72.54691949248506,72.57477475438687,72.60348141140102,72.62734753443529,72.65249159461499,72.67195845934404,72.68121522732027,72.69195996616463,72.69823758734272,72.70086555924293
3.8761834410716856,3.876235159745206,3.875138946137473,3.8747429500225627,3.875941095378569,3.8782987885805236,3.878804171434911,3.881978837449337,3.8815108555227584,3.8809699900949846,3.879423171766354,3.878213025157602,3.8784066674085103,3.8789135267886676,3.8769330661156345,3.8745974477207454,3.872184034356355,3.87013052998926,3.86334601255924,3.857159886205295,3.85180705773043,3.8461713718429165,3.8413886529779195,3.837146732402437,3.8318072955233085,3.825844502234116,3.817026680163721,3.8086790505144386,3.80058649969322,3.792320373709558,3.7832729541876633,3.7741059466162055,3.7664022033153284,3.7580270811630907,3.7525279178448474,3.748501422877492,3.7463717720987915,3.741010172175612,3.7351369897797655,3.7309415698470647,3.7277713462227378,3.725241785339706
10.745538120072913,10.739245260407483,10.74291758992533,10.756783405107978,10.78052345250789,10.814967422080082,10.85985156967447,10.912750710545355,10.962485846817529,11.016300662893425,11.066499469340854,11.112113773270089,11.142247116966193,11.171614748431068,11.211046938262418,11.24930422293572,11.29608331105099,11.338120968552918,11.378851135425025,11.407960964435137,11.436344744298818,11.467677812146496,11.486816508806886,11.505069199381161,11.531578894421047,11.557818971960485,11.583812617328753,11.609250978316489,11.633415836294542,11.657240695001068,11.67989703403252,11.699075723050415,11.729122001499805,11.766734103869839,11.804210632713884,11.837465282675891,11.870701911494347,11.901563501028738,11.918308415165559,11.935486993407038,11.948550628917337,11.958288949782633
3.0705145015437796,3.0712573873513236,3.070325324590307,3.0708235973664824,3.0730310633513356,3.076190850601916,3.0775337423698375,3.0801688950001687,3.079539019964416,3.078283335289903,3.0762401285037675,3.075978371212881,3.0768538877828244,3.077702496182701,3.076063098617473,3.074579930100378,3.073300453203079,3.0702488046626315,3.063652429465764,3.0580932037758792,3.0529257910519814,3.0467787340715686,3.0422085011729436,3.0383075542521163,3.0345261482561767,3.0298419843580513,3.022288825535487,3.0146667364952737,3.0069705037151078,2.9998650571481082,2.9933740515275598,2.987535729538869,2.981812138951007,2.975106173043133,2.970618569964205,2.9659711204927697,2.9623757439038862,2.9583181411200776,2.95291855778901,2.949319314870431,2.946811044861835,2.944898715368847
0.9,0.9,0.9,0.9,0.9,0.9,0.9,0.9,0.9,0.9,0.9,0.9,0.9,0.9,0.9,0.9,0.9,0.9,0.9,0.9,0.9,0.9,0.9,0.9,0.9,0.9,0.9,0.9,0.9,0.9,0.9,0.9,0.9,0.9,0.9,0.9,0.9,0.9,0.9,0.9,0.9,0.9
1.9,1.9,1.9,1.9,1.9,1.9,1.9,1.9,1.9,1.9,1.9,1.9,1.9,1.9,1.9,1.9,1.9,1.9,1.9,1.9,1.9,1.9,1.9,1.9,1.9,1.9,1.9,1.9,1.9,1.9,1.9,1.9,1.9,1.9,1.9,1.9,1.9,1.9,1.9,1.9,1.9,1.9
2096.1,2096.1,2096.1,2096.1,2096.1,2096.1,2096.1,2096.1,2096.1,2096.1,2096.1,2096.1,2096.1,2096.1,2096.1,2096.1,2096.1,2096.1,2096.1,2096.1,2096.1,2096.1,2096.1,2096.1,2096.1,2096.1,2096.1,2096.1,2096.1,2096.1,2096.1,2096.1,2096.1,2096.1,2096.1,2096.1,2096.1,2096.1,2096.1,2096.1,2096.1,2096.1
7232.3,7232.3,7232.3,7232.3,7232.3,7232.3,7232.3,7232.3,7232.3,7232.3,7232.3,7232.3,7232.3,7232.3,7232.3,7232.3,7232.3,7232.3,7232.3,7232.3,7232.3,7232.3,7232.3,7232.3,7232.3,7232.3,7232.3,7232.3,7232.3,7232.3,7232.3,7232.3,7232.3,7232.3,7232.3,7232.3,7232.3,7232.3,7232.3,7232.3,7232.3,7232.3
129.4,129.4,129.4,129.4,129.4,129.4,129.4,129.4,129.4,129.4,129.4,129.4,129.4,129.4,129.4,129.4,129.4,129.4,129.4,129.4,129.4,129.4,129.4,129.4,129.4,129.4,129.4,129.4,129.4,129.4,129.4,129.4,129.4,129.4,129.4,129.4,129.4,129.4,129.4,129.4,129.4,129.4
1.4,1.4,1.4,1.4,1.4,1.4,1.4,1.4,1.4,1.4,1.4,1.4,1.4,1.4,1.4,1.4,1.4,1.4,1.4,1.4,1.4,1.4,1.4,1.4,1.4,1.4,1.4,1.4,1.4,1.4,1.4,1.4,1.4,1.4,1.4,1.4,1.4,1.4,1.4,1.4,1.4,1.4
72.9,72.9,72.9,72.9,72.9,72.9,72.9,72.9,72.9,72.9,72.9,72.9,72.9,72.9,72.9,72.9,72.9,72.9,72.9,72.9,72.9,72.9,72.9,72.9,72.9,72.9,72.9,72.9,72.9,72.9,72.9,72.9,72.9,72.9,72.9,72.9,72.9,72.9,72.9,72.9,72.9,72.9
3.8,3.8,3.8,3.8,3.8,3.8,3.8,3.8,3.8,3.8,3.8,3.8,3.8,3.8,3.8,3.8,3.8,3.8,3.8,3.8,3.8,3.8,3.8,3.8,3.8,3.8,3.8,3.8,3.8,3.8,3.8,3.8,3.8,3.8,3.8,3.8,3.8,3.8,3.8,3.8,3.8,3.8
650.2,650.2,650.2,650.2,650.2,650.2,650.2,650.2,650.2,650.2,650.2,650.2,650.2,650.2,650.2,650.2,650.2,650.2,650.2,650.2,650.2,650.2,650.2,650.2,650.2,650.2,650.2,650.2,650.2,650.2,650.2,650.2,650.2,650.2,650.2,650.2,650.2,650.2,650.2,650.2,650.2,650.2
